sample_id,source_platform,effect,filter_name,category,class_label,input_variant,input_image,sample_dir,video_path,render_json,params_json,pipeline_json,source_code_dir,shader_dir,shader_program_count,fbo_allocation_count,animated_param,duration_ms,fps,frames,max_effect_signal,max_temporal_change,quality_warnings
Cartoon__gray_ramp,kuaiying_plugin_library,Cartoon,Cartoon,stylize,cartoon_fill_edge,gray_ramp,datasets/effect_training/kuaiying_multi_pass/samples/Cartoon__gray_ramp/input.png,datasets/effect_training/kuaiying_multi_pass/samples/Cartoon__gray_ramp,datasets/effect_training/kuaiying_multi_pass/samples/Cartoon__gray_ramp/final.mp4,datasets/effect_training/kuaiying_multi_pass/samples/Cartoon__gray_ramp/final.json,datasets/effect_training/kuaiying_multi_pass/samples/Cartoon__gray_ramp/params.json,datasets/effect_training/kuaiying_multi_pass/effects/Cartoon/pipeline.json,datasets/effect_training/kuaiying_multi_pass/effects/Cartoon/source,datasets/effect_training/kuaiying_multi_pass/effects/Cartoon/shaders,3,2,EdgeOpacity,5000,25,125,16.8,9.285,
Cartoon__model,kuaiying_plugin_library,Cartoon,Cartoon,stylize,cartoon_fill_edge,model,datasets/effect_training/kuaiying_multi_pass/samples/Cartoon__model/input.png,datasets/effect_training/kuaiying_multi_pass/samples/Cartoon__model,datasets/effect_training/kuaiying_multi_pass/samples/Cartoon__model/final.mp4,datasets/effect_training/kuaiying_multi_pass/samples/Cartoon__model/final.json,datasets/effect_training/kuaiying_multi_pass/samples/Cartoon__model/params.json,datasets/effect_training/kuaiying_multi_pass/effects/Cartoon/pipeline.json,datasets/effect_training/kuaiying_multi_pass/effects/Cartoon/source,datasets/effect_training/kuaiying_multi_pass/effects/Cartoon/shaders,3,2,EdgeOpacity,5000,25,125,20.959,14.251,
ClearPictureQuality__cross_lines,kuaiying_plugin_library,ClearPictureQuality,ClearPictureQuality,detail_enhance,multi_scale_detail_enhance,cross_lines,datasets/effect_training/kuaiying_multi_pass/samples/ClearPictureQuality__cross_lines/input.png,datasets/effect_training/kuaiying_multi_pass/samples/ClearPictureQuality__cross_lines,datasets/effect_training/kuaiying_multi_pass/samples/ClearPictureQuality__cross_lines/final.mp4,datasets/effect_training/kuaiying_multi_pass/samples/ClearPictureQuality__cross_lines/final.json,datasets/effect_training/kuaiying_multi_pass/samples/ClearPictureQuality__cross_lines/params.json,datasets/effect_training/kuaiying_multi_pass/effects/ClearPictureQuality/pipeline.json,datasets/effect_training/kuaiying_multi_pass/effects/ClearPictureQuality/source,datasets/effect_training/kuaiying_multi_pass/effects/ClearPictureQuality/shaders,9,12,AdjustSharpen,5000,25,125,13.844,9.243,
ClearPictureQuality__gray_ramp,kuaiying_plugin_library,ClearPictureQuality,ClearPictureQuality,detail_enhance,multi_scale_detail_enhance,gray_ramp,datasets/effect_training/kuaiying_multi_pass/samples/ClearPictureQuality__gray_ramp/input.png,datasets/effect_training/kuaiying_multi_pass/samples/ClearPictureQuality__gray_ramp,datasets/effect_training/kuaiying_multi_pass/samples/ClearPictureQuality__gray_ramp/final.mp4,datasets/effect_training/kuaiying_multi_pass/samples/ClearPictureQuality__gray_ramp/final.json,datasets/effect_training/kuaiying_multi_pass/samples/ClearPictureQuality__gray_ramp/params.json,datasets/effect_training/kuaiying_multi_pass/effects/ClearPictureQuality/pipeline.json,datasets/effect_training/kuaiying_multi_pass/effects/ClearPictureQuality/source,datasets/effect_training/kuaiying_multi_pass/effects/ClearPictureQuality/shaders,9,12,AdjustSharpen,5000,25,125,37.663,29.519,
ClearPictureQuality__model,kuaiying_plugin_library,ClearPictureQuality,ClearPictureQuality,detail_enhance,multi_scale_detail_enhance,model,datasets/effect_training/kuaiying_multi_pass/samples/ClearPictureQuality__model/input.png,datasets/effect_training/kuaiying_multi_pass/samples/ClearPictureQuality__model,datasets/effect_training/kuaiying_multi_pass/samples/ClearPictureQuality__model/final.mp4,datasets/effect_training/kuaiying_multi_pass/samples/ClearPictureQuality__model/final.json,datasets/effect_training/kuaiying_multi_pass/samples/ClearPictureQuality__model/params.json,datasets/effect_training/kuaiying_multi_pass/effects/ClearPictureQuality/pipeline.json,datasets/effect_training/kuaiying_multi_pass/effects/ClearPictureQuality/source,datasets/effect_training/kuaiying_multi_pass/effects/ClearPictureQuality/shaders,9,12,AdjustSharpen,5000,25,125,14.393,12.484,
ClearPictureQuality__ring_mask,kuaiying_plugin_library,ClearPictureQuality,ClearPictureQuality,detail_enhance,multi_scale_detail_enhance,ring_mask,datasets/effect_training/kuaiying_multi_pass/samples/ClearPictureQuality__ring_mask/input.png,datasets/effect_training/kuaiying_multi_pass/samples/ClearPictureQuality__ring_mask,datasets/effect_training/kuaiying_multi_pass/samples/ClearPictureQuality__ring_mask/final.mp4,datasets/effect_training/kuaiying_multi_pass/samples/ClearPictureQuality__ring_mask/final.json,datasets/effect_training/kuaiying_multi_pass/samples/ClearPictureQuality__ring_mask/params.json,datasets/effect_training/kuaiying_multi_pass/effects/ClearPictureQuality/pipeline.json,datasets/effect_training/kuaiying_multi_pass/effects/ClearPictureQuality/source,datasets/effect_training/kuaiying_multi_pass/effects/ClearPictureQuality/shaders,9,12,AdjustSharpen,5000,25,125,10.212,4.143,
CrossBlur__color_gradient,kuaiying_plugin_library,CrossBlur,CrossBlur,blur_motion,cross_directional_blur,color_gradient,datasets/effect_training/kuaiying_multi_pass/samples/CrossBlur__color_gradient/input.png,datasets/effect_training/kuaiying_multi_pass/samples/CrossBlur__color_gradient,datasets/effect_training/kuaiying_multi_pass/samples/CrossBlur__color_gradient/final.mp4,datasets/effect_training/kuaiying_multi_pass/samples/CrossBlur__color_gradient/final.json,datasets/effect_training/kuaiying_multi_pass/samples/CrossBlur__color_gradient/params.json,datasets/effect_training/kuaiying_multi_pass/effects/CrossBlur/pipeline.json,datasets/effect_training/kuaiying_multi_pass/effects/CrossBlur/source,datasets/effect_training/kuaiying_multi_pass/effects/CrossBlur/shaders,4,4,Progress,5000,25,125,40.029,40.743,
CrossBlur__cross_lines,kuaiying_plugin_library,CrossBlur,CrossBlur,blur_motion,cross_directional_blur,cross_lines,datasets/effect_training/kuaiying_multi_pass/samples/CrossBlur__cross_lines/input.png,datasets/effect_training/kuaiying_multi_pass/samples/CrossBlur__cross_lines,datasets/effect_training/kuaiying_multi_pass/samples/CrossBlur__cross_lines/final.mp4,datasets/effect_training/kuaiying_multi_pass/samples/CrossBlur__cross_lines/final.json,datasets/effect_training/kuaiying_multi_pass/samples/CrossBlur__cross_lines/params.json,datasets/effect_training/kuaiying_multi_pass/effects/CrossBlur/pipeline.json,datasets/effect_training/kuaiying_multi_pass/effects/CrossBlur/source,datasets/effect_training/kuaiying_multi_pass/effects/CrossBlur/shaders,4,4,Progress,5000,25,125,16.476,15.579,
CrossBlur__gray_ramp,kuaiying_plugin_library,CrossBlur,CrossBlur,blur_motion,cross_directional_blur,gray_ramp,datasets/effect_training/kuaiying_multi_pass/samples/CrossBlur__gray_ramp/input.png,datasets/effect_training/kuaiying_multi_pass/samples/CrossBlur__gray_ramp,datasets/effect_training/kuaiying_multi_pass/samples/CrossBlur__gray_ramp/final.mp4,datasets/effect_training/kuaiying_multi_pass/samples/CrossBlur__gray_ramp/final.json,datasets/effect_training/kuaiying_multi_pass/samples/CrossBlur__gray_ramp/params.json,datasets/effect_training/kuaiying_multi_pass/effects/CrossBlur/pipeline.json,datasets/effect_training/kuaiying_multi_pass/effects/CrossBlur/source,datasets/effect_training/kuaiying_multi_pass/effects/CrossBlur/shaders,4,4,Progress,5000,25,125,120.859,122.112,
CrossBlur__model,kuaiying_plugin_library,CrossBlur,CrossBlur,blur_motion,cross_directional_blur,model,datasets/effect_training/kuaiying_multi_pass/samples/CrossBlur__model/input.png,datasets/effect_training/kuaiying_multi_pass/samples/CrossBlur__model,datasets/effect_training/kuaiying_multi_pass/samples/CrossBlur__model/final.mp4,datasets/effect_training/kuaiying_multi_pass/samples/CrossBlur__model/final.json,datasets/effect_training/kuaiying_multi_pass/samples/CrossBlur__model/params.json,datasets/effect_training/kuaiying_multi_pass/effects/CrossBlur/pipeline.json,datasets/effect_training/kuaiying_multi_pass/effects/CrossBlur/source,datasets/effect_training/kuaiying_multi_pass/effects/CrossBlur/shaders,4,4,Progress,5000,25,125,51.062,52.239,
CrossBlur__rg_split,kuaiying_plugin_library,CrossBlur,CrossBlur,blur_motion,cross_directional_blur,rg_split,datasets/effect_training/kuaiying_multi_pass/samples/CrossBlur__rg_split/input.png,datasets/effect_training/kuaiying_multi_pass/samples/CrossBlur__rg_split,datasets/effect_training/kuaiying_multi_pass/samples/CrossBlur__rg_split/final.mp4,datasets/effect_training/kuaiying_multi_pass/samples/CrossBlur__rg_split/final.json,datasets/effect_training/kuaiying_multi_pass/samples/CrossBlur__rg_split/params.json,datasets/effect_training/kuaiying_multi_pass/effects/CrossBlur/pipeline.json,datasets/effect_training/kuaiying_multi_pass/effects/CrossBlur/source,datasets/effect_training/kuaiying_multi_pass/effects/CrossBlur/shaders,4,4,Progress,5000,25,125,23.628,23.258,
CrossBlur__ring_mask,kuaiying_plugin_library,CrossBlur,CrossBlur,blur_motion,cross_directional_blur,ring_mask,datasets/effect_training/kuaiying_multi_pass/samples/CrossBlur__ring_mask/input.png,datasets/effect_training/kuaiying_multi_pass/samples/CrossBlur__ring_mask,datasets/effect_training/kuaiying_multi_pass/samples/CrossBlur__ring_mask/final.mp4,datasets/effect_training/kuaiying_multi_pass/samples/CrossBlur__ring_mask/final.json,datasets/effect_training/kuaiying_multi_pass/samples/CrossBlur__ring_mask/params.json,datasets/effect_training/kuaiying_multi_pass/effects/CrossBlur/pipeline.json,datasets/effect_training/kuaiying_multi_pass/effects/CrossBlur/source,datasets/effect_training/kuaiying_multi_pass/effects/CrossBlur/shaders,4,4,Progress,5000,25,125,29.725,29.604,
DeepGlow__color_gradient,kuaiying_plugin_library,DeepGlow,DeepGlow,glow_bloom,threshold_gaussian_glow,color_gradient,datasets/effect_training/kuaiying_multi_pass/samples/DeepGlow__color_gradient/input.png,datasets/effect_training/kuaiying_multi_pass/samples/DeepGlow__color_gradient,datasets/effect_training/kuaiying_multi_pass/samples/DeepGlow__color_gradient/final.mp4,datasets/effect_training/kuaiying_multi_pass/samples/DeepGlow__color_gradient/final.json,datasets/effect_training/kuaiying_multi_pass/samples/DeepGlow__color_gradient/params.json,datasets/effect_training/kuaiying_multi_pass/effects/DeepGlow/pipeline.json,datasets/effect_training/kuaiying_multi_pass/effects/DeepGlow/source,datasets/effect_training/kuaiying_multi_pass/effects/DeepGlow/shaders,3,4,Radius,5000,25,125,62.647,63.532,
DeepGlow__cross_lines,kuaiying_plugin_library,DeepGlow,DeepGlow,glow_bloom,threshold_gaussian_glow,cross_lines,datasets/effect_training/kuaiying_multi_pass/samples/DeepGlow__cross_lines/input.png,datasets/effect_training/kuaiying_multi_pass/samples/DeepGlow__cross_lines,datasets/effect_training/kuaiying_multi_pass/samples/DeepGlow__cross_lines/final.mp4,datasets/effect_training/kuaiying_multi_pass/samples/DeepGlow__cross_lines/final.json,datasets/effect_training/kuaiying_multi_pass/samples/DeepGlow__cross_lines/params.json,datasets/effect_training/kuaiying_multi_pass/effects/DeepGlow/pipeline.json,datasets/effect_training/kuaiying_multi_pass/effects/DeepGlow/source,datasets/effect_training/kuaiying_multi_pass/effects/DeepGlow/shaders,3,4,Radius,5000,25,125,26.163,26.028,
DeepGlow__gray_ramp,kuaiying_plugin_library,DeepGlow,DeepGlow,glow_bloom,threshold_gaussian_glow,gray_ramp,datasets/effect_training/kuaiying_multi_pass/samples/DeepGlow__gray_ramp/input.png,datasets/effect_training/kuaiying_multi_pass/samples/DeepGlow__gray_ramp,datasets/effect_training/kuaiying_multi_pass/samples/DeepGlow__gray_ramp/final.mp4,datasets/effect_training/kuaiying_multi_pass/samples/DeepGlow__gray_ramp/final.json,datasets/effect_training/kuaiying_multi_pass/samples/DeepGlow__gray_ramp/params.json,datasets/effect_training/kuaiying_multi_pass/effects/DeepGlow/pipeline.json,datasets/effect_training/kuaiying_multi_pass/effects/DeepGlow/source,datasets/effect_training/kuaiying_multi_pass/effects/DeepGlow/shaders,3,4,Radius,5000,25,125,87.757,88.958,
DeepGlow__model,kuaiying_plugin_library,DeepGlow,DeepGlow,glow_bloom,threshold_gaussian_glow,model,datasets/effect_training/kuaiying_multi_pass/samples/DeepGlow__model/input.png,datasets/effect_training/kuaiying_multi_pass/samples/DeepGlow__model,datasets/effect_training/kuaiying_multi_pass/samples/DeepGlow__model/final.mp4,datasets/effect_training/kuaiying_multi_pass/samples/DeepGlow__model/final.json,datasets/effect_training/kuaiying_multi_pass/samples/DeepGlow__model/params.json,datasets/effect_training/kuaiying_multi_pass/effects/DeepGlow/pipeline.json,datasets/effect_training/kuaiying_multi_pass/effects/DeepGlow/source,datasets/effect_training/kuaiying_multi_pass/effects/DeepGlow/shaders,3,4,Radius,5000,25,125,54.977,56.093,
DeepGlow__ring_mask,kuaiying_plugin_library,DeepGlow,DeepGlow,glow_bloom,threshold_gaussian_glow,ring_mask,datasets/effect_training/kuaiying_multi_pass/samples/DeepGlow__ring_mask/input.png,datasets/effect_training/kuaiying_multi_pass/samples/DeepGlow__ring_mask,datasets/effect_training/kuaiying_multi_pass/samples/DeepGlow__ring_mask/final.mp4,datasets/effect_training/kuaiying_multi_pass/samples/DeepGlow__ring_mask/final.json,datasets/effect_training/kuaiying_multi_pass/samples/DeepGlow__ring_mask/params.json,datasets/effect_training/kuaiying_multi_pass/effects/DeepGlow/pipeline.json,datasets/effect_training/kuaiying_multi_pass/effects/DeepGlow/source,datasets/effect_training/kuaiying_multi_pass/effects/DeepGlow/shaders,3,4,Radius,5000,25,125,10.115,10.131,
HallucinationEffect__color_gradient,kuaiying_plugin_library,HallucinationEffect,HallucinationEffect,color_distortion,hallucination_multi_stage,color_gradient,datasets/effect_training/kuaiying_multi_pass/samples/HallucinationEffect__color_gradient/input.png,datasets/effect_training/kuaiying_multi_pass/samples/HallucinationEffect__color_gradient,datasets/effect_training/kuaiying_multi_pass/samples/HallucinationEffect__color_gradient/final.mp4,datasets/effect_training/kuaiying_multi_pass/samples/HallucinationEffect__color_gradient/final.json,datasets/effect_training/kuaiying_multi_pass/samples/HallucinationEffect__color_gradient/params.json,datasets/effect_training/kuaiying_multi_pass/effects/HallucinationEffect/pipeline.json,datasets/effect_training/kuaiying_multi_pass/effects/HallucinationEffect/source,datasets/effect_training/kuaiying_multi_pass/effects/HallucinationEffect/shaders,9,5,Progress,5000,25,125,85.0,84.058,
HallucinationEffect__cross_lines,kuaiying_plugin_library,HallucinationEffect,HallucinationEffect,color_distortion,hallucination_multi_stage,cross_lines,datasets/effect_training/kuaiying_multi_pass/samples/HallucinationEffect__cross_lines/input.png,datasets/effect_training/kuaiying_multi_pass/samples/HallucinationEffect__cross_lines,datasets/effect_training/kuaiying_multi_pass/samples/HallucinationEffect__cross_lines/final.mp4,datasets/effect_training/kuaiying_multi_pass/samples/HallucinationEffect__cross_lines/final.json,datasets/effect_training/kuaiying_multi_pass/samples/HallucinationEffect__cross_lines/params.json,datasets/effect_training/kuaiying_multi_pass/effects/HallucinationEffect/pipeline.json,datasets/effect_training/kuaiying_multi_pass/effects/HallucinationEffect/source,datasets/effect_training/kuaiying_multi_pass/effects/HallucinationEffect/shaders,9,5,Progress,5000,25,125,13.554,14.858,
HallucinationEffect__gray_ramp,kuaiying_plugin_library,HallucinationEffect,HallucinationEffect,color_distortion,hallucination_multi_stage,gray_ramp,datasets/effect_training/kuaiying_multi_pass/samples/HallucinationEffect__gray_ramp/input.png,datasets/effect_training/kuaiying_multi_pass/samples/HallucinationEffect__gray_ramp,datasets/effect_training/kuaiying_multi_pass/samples/HallucinationEffect__gray_ramp/final.mp4,datasets/effect_training/kuaiying_multi_pass/samples/HallucinationEffect__gray_ramp/final.json,datasets/effect_training/kuaiying_multi_pass/samples/HallucinationEffect__gray_ramp/params.json,datasets/effect_training/kuaiying_multi_pass/effects/HallucinationEffect/pipeline.json,datasets/effect_training/kuaiying_multi_pass/effects/HallucinationEffect/source,datasets/effect_training/kuaiying_multi_pass/effects/HallucinationEffect/shaders,9,5,Progress,5000,25,125,132.5,131.875,
HallucinationEffect__model,kuaiying_plugin_library,HallucinationEffect,HallucinationEffect,color_distortion,hallucination_multi_stage,model,datasets/effect_training/kuaiying_multi_pass/samples/HallucinationEffect__model/input.png,datasets/effect_training/kuaiying_multi_pass/samples/HallucinationEffect__model,datasets/effect_training/kuaiying_multi_pass/samples/HallucinationEffect__model/final.mp4,datasets/effect_training/kuaiying_multi_pass/samples/HallucinationEffect__model/final.json,datasets/effect_training/kuaiying_multi_pass/samples/HallucinationEffect__model/params.json,datasets/effect_training/kuaiying_multi_pass/effects/HallucinationEffect/pipeline.json,datasets/effect_training/kuaiying_multi_pass/effects/HallucinationEffect/source,datasets/effect_training/kuaiying_multi_pass/effects/HallucinationEffect/shaders,9,5,Progress,5000,25,125,186.329,185.548,
HallucinationEffect__rg_split,kuaiying_plugin_library,HallucinationEffect,HallucinationEffect,color_distortion,hallucination_multi_stage,rg_split,datasets/effect_training/kuaiying_multi_pass/samples/HallucinationEffect__rg_split/input.png,datasets/effect_training/kuaiying_multi_pass/samples/HallucinationEffect__rg_split,datasets/effect_training/kuaiying_multi_pass/samples/HallucinationEffect__rg_split/final.mp4,datasets/effect_training/kuaiying_multi_pass/samples/HallucinationEffect__rg_split/final.json,datasets/effect_training/kuaiying_multi_pass/samples/HallucinationEffect__rg_split/params.json,datasets/effect_training/kuaiying_multi_pass/effects/HallucinationEffect/pipeline.json,datasets/effect_training/kuaiying_multi_pass/effects/HallucinationEffect/source,datasets/effect_training/kuaiying_multi_pass/effects/HallucinationEffect/shaders,9,5,Progress,5000,25,125,85.0,84.695,
HallucinationEffect__ring_mask,kuaiying_plugin_library,HallucinationEffect,HallucinationEffect,color_distortion,hallucination_multi_stage,ring_mask,datasets/effect_training/kuaiying_multi_pass/samples/HallucinationEffect__ring_mask/input.png,datasets/effect_training/kuaiying_multi_pass/samples/HallucinationEffect__ring_mask,datasets/effect_training/kuaiying_multi_pass/samples/HallucinationEffect__ring_mask/final.mp4,datasets/effect_training/kuaiying_multi_pass/samples/HallucinationEffect__ring_mask/final.json,datasets/effect_training/kuaiying_multi_pass/samples/HallucinationEffect__ring_mask/params.json,datasets/effect_training/kuaiying_multi_pass/effects/HallucinationEffect/pipeline.json,datasets/effect_training/kuaiying_multi_pass/effects/HallucinationEffect/source,datasets/effect_training/kuaiying_multi_pass/effects/HallucinationEffect/shaders,9,5,Progress,5000,25,125,20.169,20.636,
HazySoftLight__color_gradient,kuaiying_plugin_library,HazySoftLight,HazySoftLight,glow_bloom,hazy_soft_light,color_gradient,datasets/effect_training/kuaiying_multi_pass/samples/HazySoftLight__color_gradient/input.png,datasets/effect_training/kuaiying_multi_pass/samples/HazySoftLight__color_gradient,datasets/effect_training/kuaiying_multi_pass/samples/HazySoftLight__color_gradient/final.mp4,datasets/effect_training/kuaiying_multi_pass/samples/HazySoftLight__color_gradient/final.json,datasets/effect_training/kuaiying_multi_pass/samples/HazySoftLight__color_gradient/params.json,datasets/effect_training/kuaiying_multi_pass/effects/HazySoftLight/pipeline.json,datasets/effect_training/kuaiying_multi_pass/effects/HazySoftLight/source,datasets/effect_training/kuaiying_multi_pass/effects/HazySoftLight/shaders,7,5,LightIntensity,5000,25,125,19.592,20.2,
HazySoftLight__cross_lines,kuaiying_plugin_library,HazySoftLight,HazySoftLight,glow_bloom,hazy_soft_light,cross_lines,datasets/effect_training/kuaiying_multi_pass/samples/HazySoftLight__cross_lines/input.png,datasets/effect_training/kuaiying_multi_pass/samples/HazySoftLight__cross_lines,datasets/effect_training/kuaiying_multi_pass/samples/HazySoftLight__cross_lines/final.mp4,datasets/effect_training/kuaiying_multi_pass/samples/HazySoftLight__cross_lines/final.json,datasets/effect_training/kuaiying_multi_pass/samples/HazySoftLight__cross_lines/params.json,datasets/effect_training/kuaiying_multi_pass/effects/HazySoftLight/pipeline.json,datasets/effect_training/kuaiying_multi_pass/effects/HazySoftLight/source,datasets/effect_training/kuaiying_multi_pass/effects/HazySoftLight/shaders,7,5,LightIntensity,5000,25,125,3.515,2.433,
HazySoftLight__gray_ramp,kuaiying_plugin_library,HazySoftLight,HazySoftLight,glow_bloom,hazy_soft_light,gray_ramp,datasets/effect_training/kuaiying_multi_pass/samples/HazySoftLight__gray_ramp/input.png,datasets/effect_training/kuaiying_multi_pass/samples/HazySoftLight__gray_ramp,datasets/effect_training/kuaiying_multi_pass/samples/HazySoftLight__gray_ramp/final.mp4,datasets/effect_training/kuaiying_multi_pass/samples/HazySoftLight__gray_ramp/final.json,datasets/effect_training/kuaiying_multi_pass/samples/HazySoftLight__gray_ramp/params.json,datasets/effect_training/kuaiying_multi_pass/effects/HazySoftLight/pipeline.json,datasets/effect_training/kuaiying_multi_pass/effects/HazySoftLight/source,datasets/effect_training/kuaiying_multi_pass/effects/HazySoftLight/shaders,7,5,LightIntensity,5000,25,125,7.5,5.16,
HazySoftLight__model,kuaiying_plugin_library,HazySoftLight,HazySoftLight,glow_bloom,hazy_soft_light,model,datasets/effect_training/kuaiying_multi_pass/samples/HazySoftLight__model/input.png,datasets/effect_training/kuaiying_multi_pass/samples/HazySoftLight__model,datasets/effect_training/kuaiying_multi_pass/samples/HazySoftLight__model/final.mp4,datasets/effect_training/kuaiying_multi_pass/samples/HazySoftLight__model/final.json,datasets/effect_training/kuaiying_multi_pass/samples/HazySoftLight__model/params.json,datasets/effect_training/kuaiying_multi_pass/effects/HazySoftLight/pipeline.json,datasets/effect_training/kuaiying_multi_pass/effects/HazySoftLight/source,datasets/effect_training/kuaiying_multi_pass/effects/HazySoftLight/shaders,7,5,LightIntensity,5000,25,125,10.819,10.534,
MosaicBlur__color_gradient,kuaiying_plugin_library,MosaicBlur,MosaicBlur,pixel_mosaic,iterative_mosaic_blur,color_gradient,datasets/effect_training/kuaiying_multi_pass/samples/MosaicBlur__color_gradient/input.png,datasets/effect_training/kuaiying_multi_pass/samples/MosaicBlur__color_gradient,datasets/effect_training/kuaiying_multi_pass/samples/MosaicBlur__color_gradient/final.mp4,datasets/effect_training/kuaiying_multi_pass/samples/MosaicBlur__color_gradient/final.json,datasets/effect_training/kuaiying_multi_pass/samples/MosaicBlur__color_gradient/params.json,datasets/effect_training/kuaiying_multi_pass/effects/MosaicBlur/pipeline.json,datasets/effect_training/kuaiying_multi_pass/effects/MosaicBlur/source,datasets/effect_training/kuaiying_multi_pass/effects/MosaicBlur/shaders,0,2,intensity,5000,25,125,3.671,3.208,
MosaicBlur__cross_lines,kuaiying_plugin_library,MosaicBlur,MosaicBlur,pixel_mosaic,iterative_mosaic_blur,cross_lines,datasets/effect_training/kuaiying_multi_pass/samples/MosaicBlur__cross_lines/input.png,datasets/effect_training/kuaiying_multi_pass/samples/MosaicBlur__cross_lines,datasets/effect_training/kuaiying_multi_pass/samples/MosaicBlur__cross_lines/final.mp4,datasets/effect_training/kuaiying_multi_pass/samples/MosaicBlur__cross_lines/final.json,datasets/effect_training/kuaiying_multi_pass/samples/MosaicBlur__cross_lines/params.json,datasets/effect_training/kuaiying_multi_pass/effects/MosaicBlur/pipeline.json,datasets/effect_training/kuaiying_multi_pass/effects/MosaicBlur/source,datasets/effect_training/kuaiying_multi_pass/effects/MosaicBlur/shaders,0,2,intensity,5000,25,125,23.163,18.512,
MosaicBlur__gray_ramp,kuaiying_plugin_library,MosaicBlur,MosaicBlur,pixel_mosaic,iterative_mosaic_blur,gray_ramp,datasets/effect_training/kuaiying_multi_pass/samples/MosaicBlur__gray_ramp/input.png,datasets/effect_training/kuaiying_multi_pass/samples/MosaicBlur__gray_ramp,datasets/effect_training/kuaiying_multi_pass/samples/MosaicBlur__gray_ramp/final.mp4,datasets/effect_training/kuaiying_multi_pass/samples/MosaicBlur__gray_ramp/final.json,datasets/effect_training/kuaiying_multi_pass/samples/MosaicBlur__gray_ramp/params.json,datasets/effect_training/kuaiying_multi_pass/effects/MosaicBlur/pipeline.json,datasets/effect_training/kuaiying_multi_pass/effects/MosaicBlur/source,datasets/effect_training/kuaiying_multi_pass/effects/MosaicBlur/shaders,0,2,intensity,5000,25,125,113.075,92.344,
MosaicBlur__model,kuaiying_plugin_library,MosaicBlur,MosaicBlur,pixel_mosaic,iterative_mosaic_blur,model,datasets/effect_training/kuaiying_multi_pass/samples/MosaicBlur__model/input.png,datasets/effect_training/kuaiying_multi_pass/samples/MosaicBlur__model,datasets/effect_training/kuaiying_multi_pass/samples/MosaicBlur__model/final.mp4,datasets/effect_training/kuaiying_multi_pass/samples/MosaicBlur__model/final.json,datasets/effect_training/kuaiying_multi_pass/samples/MosaicBlur__model/params.json,datasets/effect_training/kuaiying_multi_pass/effects/MosaicBlur/pipeline.json,datasets/effect_training/kuaiying_multi_pass/effects/MosaicBlur/source,datasets/effect_training/kuaiying_multi_pass/effects/MosaicBlur/shaders,3,2,intensity,5000,25,125,20.826,18.949,
MosaicBlur__rg_split,kuaiying_plugin_library,MosaicBlur,MosaicBlur,pixel_mosaic,iterative_mosaic_blur,rg_split,datasets/effect_training/kuaiying_multi_pass/samples/MosaicBlur__rg_split/input.png,datasets/effect_training/kuaiying_multi_pass/samples/MosaicBlur__rg_split,datasets/effect_training/kuaiying_multi_pass/samples/MosaicBlur__rg_split/final.mp4,datasets/effect_training/kuaiying_multi_pass/samples/MosaicBlur__rg_split/final.json,datasets/effect_training/kuaiying_multi_pass/samples/MosaicBlur__rg_split/params.json,datasets/effect_training/kuaiying_multi_pass/effects/MosaicBlur/pipeline.json,datasets/effect_training/kuaiying_multi_pass/effects/MosaicBlur/source,datasets/effect_training/kuaiying_multi_pass/effects/MosaicBlur/shaders,0,2,intensity,5000,25,125,6.512,5.992,
MosaicBlur__ring_mask,kuaiying_plugin_library,MosaicBlur,MosaicBlur,pixel_mosaic,iterative_mosaic_blur,ring_mask,datasets/effect_training/kuaiying_multi_pass/samples/MosaicBlur__ring_mask/input.png,datasets/effect_training/kuaiying_multi_pass/samples/MosaicBlur__ring_mask,datasets/effect_training/kuaiying_multi_pass/samples/MosaicBlur__ring_mask/final.mp4,datasets/effect_training/kuaiying_multi_pass/samples/MosaicBlur__ring_mask/final.json,datasets/effect_training/kuaiying_multi_pass/samples/MosaicBlur__ring_mask/params.json,datasets/effect_training/kuaiying_multi_pass/effects/MosaicBlur/pipeline.json,datasets/effect_training/kuaiying_multi_pass/effects/MosaicBlur/source,datasets/effect_training/kuaiying_multi_pass/effects/MosaicBlur/shaders,0,2,intensity,5000,25,125,21.3,19.493,
RainbowDrop__color_gradient,kuaiying_plugin_library,RainbowDrop,RainbowDrop,color_distortion,rainbow_drop_blur,color_gradient,datasets/effect_training/kuaiying_multi_pass/samples/RainbowDrop__color_gradient/input.png,datasets/effect_training/kuaiying_multi_pass/samples/RainbowDrop__color_gradient,datasets/effect_training/kuaiying_multi_pass/samples/RainbowDrop__color_gradient/final.mp4,datasets/effect_training/kuaiying_multi_pass/samples/RainbowDrop__color_gradient/final.json,datasets/effect_training/kuaiying_multi_pass/samples/RainbowDrop__color_gradient/params.json,datasets/effect_training/kuaiying_multi_pass/effects/RainbowDrop/pipeline.json,datasets/effect_training/kuaiying_multi_pass/effects/RainbowDrop/source,datasets/effect_training/kuaiying_multi_pass/effects/RainbowDrop/shaders,8,4,Color,5000,25,125,58.855,53.326,
RainbowDrop__cross_lines,kuaiying_plugin_library,RainbowDrop,RainbowDrop,color_distortion,rainbow_drop_blur,cross_lines,datasets/effect_training/kuaiying_multi_pass/samples/RainbowDrop__cross_lines/input.png,datasets/effect_training/kuaiying_multi_pass/samples/RainbowDrop__cross_lines,datasets/effect_training/kuaiying_multi_pass/samples/RainbowDrop__cross_lines/final.mp4,datasets/effect_training/kuaiying_multi_pass/samples/RainbowDrop__cross_lines/final.json,datasets/effect_training/kuaiying_multi_pass/samples/RainbowDrop__cross_lines/params.json,datasets/effect_training/kuaiying_multi_pass/effects/RainbowDrop/pipeline.json,datasets/effect_training/kuaiying_multi_pass/effects/RainbowDrop/source,datasets/effect_training/kuaiying_multi_pass/effects/RainbowDrop/shaders,8,4,Color,5000,25,125,98.339,48.814,
RainbowDrop__gray_ramp,kuaiying_plugin_library,RainbowDrop,RainbowDrop,color_distortion,rainbow_drop_blur,gray_ramp,datasets/effect_training/kuaiying_multi_pass/samples/RainbowDrop__gray_ramp/input.png,datasets/effect_training/kuaiying_multi_pass/samples/RainbowDrop__gray_ramp,datasets/effect_training/kuaiying_multi_pass/samples/RainbowDrop__gray_ramp/final.mp4,datasets/effect_training/kuaiying_multi_pass/samples/RainbowDrop__gray_ramp/final.json,datasets/effect_training/kuaiying_multi_pass/samples/RainbowDrop__gray_ramp/params.json,datasets/effect_training/kuaiying_multi_pass/effects/RainbowDrop/pipeline.json,datasets/effect_training/kuaiying_multi_pass/effects/RainbowDrop/source,datasets/effect_training/kuaiying_multi_pass/effects/RainbowDrop/shaders,8,4,Color,5000,25,125,107.312,81.308,
RainbowDrop__model,kuaiying_plugin_library,RainbowDrop,RainbowDrop,color_distortion,rainbow_drop_blur,model,datasets/effect_training/kuaiying_multi_pass/samples/RainbowDrop__model/input.png,datasets/effect_training/kuaiying_multi_pass/samples/RainbowDrop__model,datasets/effect_training/kuaiying_multi_pass/samples/RainbowDrop__model/final.mp4,datasets/effect_training/kuaiying_multi_pass/samples/RainbowDrop__model/final.json,datasets/effect_training/kuaiying_multi_pass/samples/RainbowDrop__model/params.json,datasets/effect_training/kuaiying_multi_pass/effects/RainbowDrop/pipeline.json,datasets/effect_training/kuaiying_multi_pass/effects/RainbowDrop/source,datasets/effect_training/kuaiying_multi_pass/effects/RainbowDrop/shaders,8,4,Color,5000,25,125,68.517,67.096,
RainbowDrop__rg_split,kuaiying_plugin_library,RainbowDrop,RainbowDrop,color_distortion,rainbow_drop_blur,rg_split,datasets/effect_training/kuaiying_multi_pass/samples/RainbowDrop__rg_split/input.png,datasets/effect_training/kuaiying_multi_pass/samples/RainbowDrop__rg_split,datasets/effect_training/kuaiying_multi_pass/samples/RainbowDrop__rg_split/final.mp4,datasets/effect_training/kuaiying_multi_pass/samples/RainbowDrop__rg_split/final.json,datasets/effect_training/kuaiying_multi_pass/samples/RainbowDrop__rg_split/params.json,datasets/effect_training/kuaiying_multi_pass/effects/RainbowDrop/pipeline.json,datasets/effect_training/kuaiying_multi_pass/effects/RainbowDrop/source,datasets/effect_training/kuaiying_multi_pass/effects/RainbowDrop/shaders,8,4,Color,5000,25,125,52.252,46.068,
RainbowDrop__ring_mask,kuaiying_plugin_library,RainbowDrop,RainbowDrop,color_distortion,rainbow_drop_blur,ring_mask,datasets/effect_training/kuaiying_multi_pass/samples/RainbowDrop__ring_mask/input.png,datasets/effect_training/kuaiying_multi_pass/samples/RainbowDrop__ring_mask,datasets/effect_training/kuaiying_multi_pass/samples/RainbowDrop__ring_mask/final.mp4,datasets/effect_training/kuaiying_multi_pass/samples/RainbowDrop__ring_mask/final.json,datasets/effect_training/kuaiying_multi_pass/samples/RainbowDrop__ring_mask/params.json,datasets/effect_training/kuaiying_multi_pass/effects/RainbowDrop/pipeline.json,datasets/effect_training/kuaiying_multi_pass/effects/RainbowDrop/source,datasets/effect_training/kuaiying_multi_pass/effects/RainbowDrop/shaders,8,4,Color,5000,25,125,116.401,69.905,
WaterDroplet__cross_lines,kuaiying_plugin_library,WaterDroplet,WaterDroplet,geometry_warp,water_droplet_refraction,cross_lines,datasets/effect_training/kuaiying_multi_pass/samples/WaterDroplet__cross_lines/input.png,datasets/effect_training/kuaiying_multi_pass/samples/WaterDroplet__cross_lines,datasets/effect_training/kuaiying_multi_pass/samples/WaterDroplet__cross_lines/final.mp4,datasets/effect_training/kuaiying_multi_pass/samples/WaterDroplet__cross_lines/final.json,datasets/effect_training/kuaiying_multi_pass/samples/WaterDroplet__cross_lines/params.json,datasets/effect_training/kuaiying_multi_pass/effects/WaterDroplet/pipeline.json,datasets/effect_training/kuaiying_multi_pass/effects/WaterDroplet/source,datasets/effect_training/kuaiying_multi_pass/effects/WaterDroplet/shaders,9,4,Progress,5000,25,125,8.576,8.632,
WaterDroplet__gray_ramp,kuaiying_plugin_library,WaterDroplet,WaterDroplet,geometry_warp,water_droplet_refraction,gray_ramp,datasets/effect_training/kuaiying_multi_pass/samples/WaterDroplet__gray_ramp/input.png,datasets/effect_training/kuaiying_multi_pass/samples/WaterDroplet__gray_ramp,datasets/effect_training/kuaiying_multi_pass/samples/WaterDroplet__gray_ramp/final.mp4,datasets/effect_training/kuaiying_multi_pass/samples/WaterDroplet__gray_ramp/final.json,datasets/effect_training/kuaiying_multi_pass/samples/WaterDroplet__gray_ramp/params.json,datasets/effect_training/kuaiying_multi_pass/effects/WaterDroplet/pipeline.json,datasets/effect_training/kuaiying_multi_pass/effects/WaterDroplet/source,datasets/effect_training/kuaiying_multi_pass/effects/WaterDroplet/shaders,9,4,Progress,5000,25,125,21.784,23.262,
WaterDroplet__model,kuaiying_plugin_library,WaterDroplet,WaterDroplet,geometry_warp,water_droplet_refraction,model,datasets/effect_training/kuaiying_multi_pass/samples/WaterDroplet__model/input.png,datasets/effect_training/kuaiying_multi_pass/samples/WaterDroplet__model,datasets/effect_training/kuaiying_multi_pass/samples/WaterDroplet__model/final.mp4,datasets/effect_training/kuaiying_multi_pass/samples/WaterDroplet__model/final.json,datasets/effect_training/kuaiying_multi_pass/samples/WaterDroplet__model/params.json,datasets/effect_training/kuaiying_multi_pass/effects/WaterDroplet/pipeline.json,datasets/effect_training/kuaiying_multi_pass/effects/WaterDroplet/source,datasets/effect_training/kuaiying_multi_pass/effects/WaterDroplet/shaders,9,4,Progress,5000,25,125,6.54,5.509,
Wave__cross_lines,kuaiying_plugin_library,Wave,Wave,geometry_warp,wave_blur_composite,cross_lines,datasets/effect_training/kuaiying_multi_pass/samples/Wave__cross_lines/input.png,datasets/effect_training/kuaiying_multi_pass/samples/Wave__cross_lines,datasets/effect_training/kuaiying_multi_pass/samples/Wave__cross_lines/final.mp4,datasets/effect_training/kuaiying_multi_pass/samples/Wave__cross_lines/final.json,datasets/effect_training/kuaiying_multi_pass/samples/Wave__cross_lines/params.json,datasets/effect_training/kuaiying_multi_pass/effects/Wave/pipeline.json,datasets/effect_training/kuaiying_multi_pass/effects/Wave/source,datasets/effect_training/kuaiying_multi_pass/effects/Wave/shaders,7,3,AdjustIntensity,5000,25,125,6.342,5.533,
Wave__gray_ramp,kuaiying_plugin_library,Wave,Wave,geometry_warp,wave_blur_composite,gray_ramp,datasets/effect_training/kuaiying_multi_pass/samples/Wave__gray_ramp/input.png,datasets/effect_training/kuaiying_multi_pass/samples/Wave__gray_ramp,datasets/effect_training/kuaiying_multi_pass/samples/Wave__gray_ramp/final.mp4,datasets/effect_training/kuaiying_multi_pass/samples/Wave__gray_ramp/final.json,datasets/effect_training/kuaiying_multi_pass/samples/Wave__gray_ramp/params.json,datasets/effect_training/kuaiying_multi_pass/effects/Wave/pipeline.json,datasets/effect_training/kuaiying_multi_pass/effects/Wave/source,datasets/effect_training/kuaiying_multi_pass/effects/Wave/shaders,7,3,AdjustIntensity,5000,25,125,30.468,28.317,
Wave__model,kuaiying_plugin_library,Wave,Wave,geometry_warp,wave_blur_composite,model,datasets/effect_training/kuaiying_multi_pass/samples/Wave__model/input.png,datasets/effect_training/kuaiying_multi_pass/samples/Wave__model,datasets/effect_training/kuaiying_multi_pass/samples/Wave__model/final.mp4,datasets/effect_training/kuaiying_multi_pass/samples/Wave__model/final.json,datasets/effect_training/kuaiying_multi_pass/samples/Wave__model/params.json,datasets/effect_training/kuaiying_multi_pass/effects/Wave/pipeline.json,datasets/effect_training/kuaiying_multi_pass/effects/Wave/source,datasets/effect_training/kuaiying_multi_pass/effects/Wave/shaders,7,3,AdjustIntensity,5000,25,125,11.299,9.515,
Wave__ring_mask,kuaiying_plugin_library,Wave,Wave,geometry_warp,wave_blur_composite,ring_mask,datasets/effect_training/kuaiying_multi_pass/samples/Wave__ring_mask/input.png,datasets/effect_training/kuaiying_multi_pass/samples/Wave__ring_mask,datasets/effect_training/kuaiying_multi_pass/samples/Wave__ring_mask/final.mp4,datasets/effect_training/kuaiying_multi_pass/samples/Wave__ring_mask/final.json,datasets/effect_training/kuaiying_multi_pass/samples/Wave__ring_mask/params.json,datasets/effect_training/kuaiying_multi_pass/effects/Wave/pipeline.json,datasets/effect_training/kuaiying_multi_pass/effects/Wave/source,datasets/effect_training/kuaiying_multi_pass/effects/Wave/shaders,7,3,AdjustIntensity,5000,25,125,7.787,8.579,
comic__color_gradient,kuaiying_plugin_library,comic,Comic,stylize,comic_halftone,color_gradient,datasets/effect_training/kuaiying_multi_pass/samples/comic__color_gradient/input.png,datasets/effect_training/kuaiying_multi_pass/samples/comic__color_gradient,datasets/effect_training/kuaiying_multi_pass/samples/comic__color_gradient/final.mp4,datasets/effect_training/kuaiying_multi_pass/samples/comic__color_gradient/final.json,datasets/effect_training/kuaiying_multi_pass/samples/comic__color_gradient/params.json,datasets/effect_training/kuaiying_multi_pass/effects/comic/pipeline.json,datasets/effect_training/kuaiying_multi_pass/effects/comic/source,datasets/effect_training/kuaiying_multi_pass/effects/comic/shaders,3,2,gridNum,5000,25,125,74.016,44.028,
comic__cross_lines,kuaiying_plugin_library,comic,Comic,stylize,comic_halftone,cross_lines,datasets/effect_training/kuaiying_multi_pass/samples/comic__cross_lines/input.png,datasets/effect_training/kuaiying_multi_pass/samples/comic__cross_lines,datasets/effect_training/kuaiying_multi_pass/samples/comic__cross_lines/final.mp4,datasets/effect_training/kuaiying_multi_pass/samples/comic__cross_lines/final.json,datasets/effect_training/kuaiying_multi_pass/samples/comic__cross_lines/params.json,datasets/effect_training/kuaiying_multi_pass/effects/comic/pipeline.json,datasets/effect_training/kuaiying_multi_pass/effects/comic/source,datasets/effect_training/kuaiying_multi_pass/effects/comic/shaders,3,2,gridNum,5000,25,125,20.732,21.962,
comic__gray_ramp,kuaiying_plugin_library,comic,Comic,stylize,comic_halftone,gray_ramp,datasets/effect_training/kuaiying_multi_pass/samples/comic__gray_ramp/input.png,datasets/effect_training/kuaiying_multi_pass/samples/comic__gray_ramp,datasets/effect_training/kuaiying_multi_pass/samples/comic__gray_ramp/final.mp4,datasets/effect_training/kuaiying_multi_pass/samples/comic__gray_ramp/final.json,datasets/effect_training/kuaiying_multi_pass/samples/comic__gray_ramp/params.json,datasets/effect_training/kuaiying_multi_pass/effects/comic/pipeline.json,datasets/effect_training/kuaiying_multi_pass/effects/comic/source,datasets/effect_training/kuaiying_multi_pass/effects/comic/shaders,3,2,gridNum,5000,25,125,41.032,10.055,
comic__model,kuaiying_plugin_library,comic,Comic,stylize,comic_halftone,model,datasets/effect_training/kuaiying_multi_pass/samples/comic__model/input.png,datasets/effect_training/kuaiying_multi_pass/samples/comic__model,datasets/effect_training/kuaiying_multi_pass/samples/comic__model/final.mp4,datasets/effect_training/kuaiying_multi_pass/samples/comic__model/final.json,datasets/effect_training/kuaiying_multi_pass/samples/comic__model/params.json,datasets/effect_training/kuaiying_multi_pass/effects/comic/pipeline.json,datasets/effect_training/kuaiying_multi_pass/effects/comic/source,datasets/effect_training/kuaiying_multi_pass/effects/comic/shaders,3,2,gridNum,5000,25,125,36.63,11.196,
comic__rg_split,kuaiying_plugin_library,comic,Comic,stylize,comic_halftone,rg_split,datasets/effect_training/kuaiying_multi_pass/samples/comic__rg_split/input.png,datasets/effect_training/kuaiying_multi_pass/samples/comic__rg_split,datasets/effect_training/kuaiying_multi_pass/samples/comic__rg_split/final.mp4,datasets/effect_training/kuaiying_multi_pass/samples/comic__rg_split/final.json,datasets/effect_training/kuaiying_multi_pass/samples/comic__rg_split/params.json,datasets/effect_training/kuaiying_multi_pass/effects/comic/pipeline.json,datasets/effect_training/kuaiying_multi_pass/effects/comic/source,datasets/effect_training/kuaiying_multi_pass/effects/comic/shaders,3,2,gridNum,5000,25,125,93.042,51.579,
comic__ring_mask,kuaiying_plugin_library,comic,Comic,stylize,comic_halftone,ring_mask,datasets/effect_training/kuaiying_multi_pass/samples/comic__ring_mask/input.png,datasets/effect_training/kuaiying_multi_pass/samples/comic__ring_mask,datasets/effect_training/kuaiying_multi_pass/samples/comic__ring_mask/final.mp4,datasets/effect_training/kuaiying_multi_pass/samples/comic__ring_mask/final.json,datasets/effect_training/kuaiying_multi_pass/samples/comic__ring_mask/params.json,datasets/effect_training/kuaiying_multi_pass/effects/comic/pipeline.json,datasets/effect_training/kuaiying_multi_pass/effects/comic/source,datasets/effect_training/kuaiying_multi_pass/effects/comic/shaders,3,2,gridNum,5000,25,125,17.982,21.618,
